hour,type,count
0,Minecraft,50066
0,LeagueOfLegends,79630
1,LeagueOfLegends,64864
1,Minecraft,50383
2,LeagueOfLegends,54810
2,Minecraft,51692
3,Minecraft,49356
3,LeagueOfLegends,47260
4,LeagueOfLegends,44677
4,Minecraft,46553
5,LeagueOfLegends,46423
5,Minecraft,46811
6,Minecraft,42987
6,LeagueOfLegends,50231
7,Minecraft,37716
7,LeagueOfLegends,55056
8,LeagueOfLegends,69921
8,Minecraft,36423
9,Minecraft,36964
9,LeagueOfLegends,77629
10,LeagueOfLegends,77026
10,Minecraft,37900
11,Minecraft,42720
11,LeagueOfLegends,81615
12,Minecraft,48452
12,LeagueOfLegends,90093
13,LeagueOfLegends,92177
13,Minecraft,53316
14,LeagueOfLegends,91684
14,Minecraft,58666
15,LeagueOfLegends,101107
15,Minecraft,61543
16,LeagueOfLegends,109040
16,Minecraft,62441
17,LeagueOfLegends,110129
17,Minecraft,62838
18,Minecraft,61474
18,LeagueOfLegends,109351
19,LeagueOfLegends,110074
19,Minecraft,61272
20,LeagueOfLegends,112394
20,Minecraft,58863
21,Minecraft,57865
21,LeagueOfLegends,106392
22,LeagueOfLegends,101196
22,Minecraft,54174
23,LeagueOfLegends,90951
23,Minecraft,51136
